Seconds,Barometric_Pressure,Flow_Rate,Oxygen,Water_Vapor,Carbon_Dioxide,Marker
0,83.9013,751.5583,19.59528,6.15E-02,2.88E-03,-1
1,83.89349,751.7146,19.59567,6.10E-02,3.07E-03,-1
2,83.9013,751.6208,19.59739,5.90E-02,3.06E-03,-1
3,83.89192,751.6208,19.5988,5.66E-02,3.10E-03,-1
4,83.89349,751.4958,19.5995,5.44E-02,2.68E-03,-1
5,83.89818,751.6208,19.59974,5.22E-02,2.68E-03,-1
6,83.90443,751.4333,19.60044,0.0500164,2.66E-03,-1
7,83.9138,751.4021,19.59958,4.80E-02,2.45E-03,-1
8,83.89037,751.6833,19.59974,4.60E-02,2.02E-03,-1
9,83.89192,751.6833,19.60106,4.44E-02,1.95E-03,-1
10,83.92161,751.2146,19.60091,4.26E-02,2.02E-03,-1
11,83.88879,751.4333,19.60075,4.10E-02,1.92E-03,-1
12,83.90755,751.7146,19.6006,3.95E-02,1.53E-03,-1
13,83.9138,751.3396,19.60005,3.81E-02,1.44E-03,-1
14,83.89973,751.6208,19.60224,3.65E-02,1.67E-03,-1
15,83.89037,750.7146,19.60036,3.51E-02,1.40E-03,-1
16,83.91224,751.6208,19.60036,0.0338599,0.0014219,-1
17,83.89973,750.8396,19.60208,3.26E-02,1.39E-03,-1
18,83.88567,750.9958,19.60271,3.16E-02,1.33E-03,-1
19,83.89973,751.5896,19.60271,3.05E-02,1.41E-03,-1
20,83.89818,751.4958,19.60411,2.94E-02,1.31E-03,-1
21,83.90755,751.5896,19.6045,2.80E-02,1.30E-03,-1
22,83.9013,751.5583,19.60442,2.75E-02,1.23E-03,-1
23,83.91536,751.0271,19.60442,2.65E-02,1.02E-03,-1
24,83.92005,750.9021,19.60184,2.57E-02,8.78E-04,-1
25,83.90755,751.0271,19.60466,2.47E-02,9.47E-04,-1
26,83.87786,751.0271,19.60474,0.0239535,7.16E-04,-1
27,83.90599,751.4646,19.60521,2.32E-02,8.22E-04,-1
28,83.90911,751.7458,19.60192,2.25E-02,9.16E-04,-1
29,83.8763,751.5583,19.60567,2.19E-02,6.66E-04,-1
30,83.90286,751.4958,19.60544,2.12E-02,7.84E-04,-1
31,83.89661,751.0271,19.60294,2.05E-02,8.84E-04,-1
32,83.89818,751.2458,19.60528,2.01E-02,7.28E-04,-1
33,83.88567,751.4021,19.60474,1.94E-02,6.53E-04,-1
34,83.9013,751.5583,19.60395,1.89E-02,2.59E-04,-1
35,83.90599,751.3708,19.60638,1.83E-02,5.03E-04,-1
36,83.89192,751.6833,19.60599,1.79E-02,5.09E-04,-1
37,83.88879,751.3708,19.60325,1.74E-02,7.19E-05,-1
38,83.90286,751.6833,19.60544,0.0170784,4.34E-04,-1
39,83.87318,750.9958,19.60513,1.66E-02,6.34E-04,-1
40,83.89192,750.6521,19.60442,1.61E-02,4.16E-04,-1
41,83.89037,751.2771,19.60645,1.56E-02,5.78E-04,-1
42,83.90911,751.4646,19.60622,1.54E-02,5.41E-04,-1
43,83.89192,751.1208,19.60552,1.51E-02,4.78E-04,-1
44,83.9013,751.5896,19.60474,1.48E-02,7.03E-04,-1
45,83.90911,751.3708,19.60645,1.44E-02,4.91E-04,-1
46,83.90286,751.6833,19.60435,1.42E-02,8.03E-04,-1
47,83.91068,750.9958,19.60302,0.0138596,7.03E-04,-1
48,83.89818,751.3708,19.60505,1.36E-02,4.53E-04,-1
49,83.90599,751.6521,19.60474,1.33E-02,1.41E-04,-1
50,83.88567,751.1521,19.60614,1.32E-02,4.34E-04,-1
51,83.87943,751.7458,19.60661,1.29E-02,5.53E-04,-1
52,83.9013,751.1208,19.60559,1.26E-02,4.53E-04,-1
53,83.89818,751.1833,19.60677,1.24E-02,4.84E-04,-1
54,83.90911,751.0583,19.60528,1.21E-02,4.53E-04,-1
55,83.89037,751.5583,19.60614,1.20E-02,3.97E-04,-1
56,83.90286,750.9958,19.60528,1.18E-02,5.47E-04,-1
57,83.88879,751.0583,19.60388,1.16E-02,6.16E-04,-1
58,83.89661,751.5271,19.60466,1.13E-02,6.09E-04,-1
59,83.89818,751.4646,19.60591,1.13E-02,6.47E-04,86
60,83.89037,751.5271,19.60622,1.12E-02,6.34E-04,-1
61,83.89818,752.2772,19.60723,1.11E-02,5.22E-04,-1
62,83.89192,752.9333,19.60989,0.0365162,1.17E-03,-1
63,83.89818,753.5896,19.61255,0.1667057,1.53E-02,-1
64,83.91692,753.8397,19.61177,0.3796152,3.95E-02,-1
65,83.9138,754.5272,19.59286,0.6024936,5.85E-02,-1
66,83.89818,754.8709,19.55575,0.7391207,0.0706417,-1
67,83.90755,754.6209,19.51169,0.7880902,8.72E-02,-1
68,83.91224,755.2147,19.46997,0.7966216,9.12E-02,-1
69,83.90443,753.8708,19.44708,0.8126842,8.60E-02,-1
70,83.91068,753.1522,19.42833,0.793309,8.51E-02,-1
71,83.9013,752.7147,19.41637,0.724933,7.14E-02,-1
72,83.90911,752.3709,19.41059,0.6392129,5.58E-02,33
73,83.89037,752.0271,19.41747,0.5497741,4.17E-02,-1
74,83.90599,751.5271,19.43114,0.4670853,3.17E-02,-1
75,83.88879,751.2146,19.45106,0.3975842,2.35E-02,-1
76,83.90599,751.0583,19.47091,0.3411458,1.85E-02,-1
77,83.88255,750.9958,19.49286,0.2960827,1.58E-02,-1
78,83.88567,751.3396,19.51231,0.2600821,1.35E-02,-1
79,83.91068,751.4646,19.52825,0.2314254,1.25E-02,-1
80,83.90755,751.3083,19.53942,0.2081438,1.20E-02,-1
81,83.91224,750.9021,19.54833,0.1883623,1.12E-02,-1
82,83.88099,750.9958,19.55833,0.1715808,1.08E-02,-1
83,83.90599,751.1208,19.56302,0.157268,1.05E-02,-1
84,83.87161,751.0896,19.56802,0.1447991,9.88E-03,-1
85,83.90911,751.3708,19.57083,0.1339864,9.78E-03,-1
86,83.91068,751.0583,19.57395,0.1245488,9.52E-03,-1
87,83.90911,751.3708,19.57911,0.1163612,9.58E-03,-1
88,83.89661,751.4646,19.57731,0.1093298,9.06E-03,-1
89,83.91849,750.8083,19.58138,0.1032047,8.77E-03,-1
90,83.90911,750.9333,19.58356,9.77E-02,8.44E-03,-1
91,83.88724,751.5271,19.58302,9.25E-02,8.12E-03,-1
92,83.90755,751.3083,19.58692,8.74E-02,7.93E-03,-1
93,83.90443,751.1208,19.58747,0.0828919,7.81E-03,-1
94,83.87473,751.1833,19.58645,7.87E-02,7.83E-03,-1
95,83.90286,751.4958,19.58911,7.50E-02,7.89E-03,-1
96,83.89349,750.9333,19.58927,7.18E-02,7.65E-03,-1
97,83.87161,751.1521,19.58809,6.90E-02,7.48E-03,-1
98,83.88255,750.9333,19.5902,6.63E-02,7.25E-03,-1
99,83.88099,751.4333,19.58934,6.37E-02,7.48E-03,-1
100,83.91068,751.3708,19.59192,6.15E-02,7.53E-03,-1
101,83.89505,750.6521,19.59153,5.92E-02,7.46E-03,-1
102,83.89973,750.8083,19.59036,5.74E-02,7.22E-03,-1
103,83.91692,751.4021,19.59388,5.54E-02,7.18E-03,-1
104,83.89973,751.1833,19.5927,5.35E-02,7.19E-03,-1
105,83.90911,751.0583,19.59364,5.18E-02,7.24E-03,-1
106,83.91068,750.7458,19.59145,5.01E-02,7.30E-03,-1
107,83.89973,751.5896,19.59161,4.86E-02,7.03E-03,-1
108,83.88411,751.2771,19.59427,4.71E-02,7.26E-03,-1
109,83.89505,750.9958,19.59255,4.57E-02,7.17E-03,-1
110,83.91849,751.4021,19.59435,4.43E-02,7.08E-03,-1
111,83.86067,751.4021,19.59263,0.0429538,7.43E-03,-1
112,83.88255,751.2146,19.59567,4.18E-02,7.48E-03,-1
113,83.89818,751.1208,19.59528,4.06E-02,7.90E-03,-1
114,83.89505,751.5271,19.59536,3.94E-02,7.50E-03,-1
115,83.90755,751.4333,19.59489,3.81E-02,7.73E-03,-1
116,83.89505,751.2771,19.59427,3.74E-02,7.77E-03,-1
117,83.88411,751.4021,19.59317,0.0364537,7.76E-03,-1
118,83.90755,751.5271,19.59583,3.56E-02,7.80E-03,-1
119,83.90599,750.7771,19.59521,3.47E-02,7.91E-03,-1
120,83.87786,751.3396,19.59372,3.39E-02,8.08E-03,-1
121,83.87473,751.2458,19.5945,3.32E-02,7.97E-03,-1
122,83.9013,751.6208,19.59411,3.27E-02,8.06E-03,-1
123,83.89037,751.4333,19.59528,3.19E-02,8.17E-03,-1
124,83.90286,751.4333,19.59521,3.14E-02,8.15E-03,-1
125,83.89973,750.8083,19.5931,3.09E-02,8.19E-03,-1
126,83.88255,750.9021,19.59348,0.0303911,8.14E-03,-1
127,83.88099,751.3396,19.59427,0.0300161,8.27E-03,-1
128,83.91536,751.3396,19.59528,2.93E-02,7.98E-03,-1
129,83.89973,751.5271,19.59474,2.90E-02,8.49E-03,-1
130,83.91068,751.1833,19.59497,2.86E-02,8.47E-03,-1
131,83.91068,751.5271,19.59513,2.81E-02,8.68E-03,-1
132,83.90755,751.2146,19.59528,2.76E-02,8.78E-03,-1
133,83.9138,751.4958,19.59442,2.72E-02,9.13E-03,-1
134,83.91536,750.8083,19.59333,0.0269223,9.58E-03,-1
135,83.91692,751.2146,19.59474,0.0266098,9.55E-03,-1
136,83.89973,751.4021,19.59435,2.62E-02,9.62E-03,-1
137,83.88879,751.5271,19.59521,2.59E-02,9.53E-03,-1
138,83.90755,751.3083,19.59489,2.58E-02,9.52E-03,-1
139,83.92005,751.4333,19.59442,2.54E-02,9.50E-03,-1
140,83.89505,751.4333,19.59302,2.50E-02,9.93E-03,-1
141,83.90599,751.4333,19.59161,2.47E-02,1.02E-02,-1
142,83.91068,751.7146,19.59348,2.46E-02,1.01E-02,-1
143,83.89192,751.3708,19.59356,2.40E-02,1.06E-02,-1
144,83.9138,750.9021,19.59231,2.42E-02,1.05E-02,-1
145,83.86848,751.2146,19.59255,2.39E-02,0.0111783,-1
146,83.91224,751.6208,19.59013,0.0237035,0.0114533,-1
147,83.9013,750.8708,19.59106,0.023641,1.12E-02,-1
148,83.91224,751.4958,19.59036,0.023391,1.19E-02,-1
149,83.9138,751.6208,19.59122,0.0233285,1.18E-02,-1
150,83.89192,751.7458,19.59192,2.32E-02,1.26E-02,-1
151,83.91536,751.9021,19.59106,2.31E-02,1.30E-02,-1
152,83.89661,751.7771,19.58942,2.29E-02,1.31E-02,-1
153,83.88879,751.4958,19.58958,2.31E-02,1.35E-02,-1
154,83.86848,751.3708,19.58989,2.28E-02,1.37E-02,-1
155,83.87318,751.3396,19.58911,2.26E-02,1.40E-02,-1
156,83.91068,751.2146,19.58942,2.26E-02,1.42E-02,-1
157,83.88411,751.0271,19.5877,2.27E-02,1.46E-02,-1
158,83.90599,751.4333,19.58661,2.25E-02,1.46E-02,-1
159,83.88567,751.4646,19.5863,2.25E-02,0.0148471,-1
160,83.90286,751.6208,19.58567,2.26E-02,1.51E-02,-1
161,83.87786,750.9333,19.5877,2.24E-02,1.54E-02,-1
162,83.89037,751.4333,19.58645,2.23E-02,1.54E-02,-1
163,83.90599,751.4646,19.58747,2.23E-02,1.57E-02,-1
164,83.91224,751.9021,19.58614,2.23E-02,1.57E-02,-1
165,83.89037,751.4333,19.58716,2.21E-02,1.55E-02,-1
166,83.90755,751.8396,19.58481,2.20E-02,1.57E-02,-1
167,83.90755,751.6521,19.58692,2.23E-02,1.62E-02,-1
168,83.90443,751.1833,19.58552,2.22E-02,1.62E-02,-1
169,83.90599,751.4958,19.58638,2.22E-02,1.64E-02,-1
170,83.91224,751.6521,19.58622,2.19E-02,1.64E-02,-1
171,83.89037,751.5896,19.58559,2.21E-02,1.67E-02,-1
172,83.90443,751.5271,19.58591,2.22E-02,1.67E-02,-1
173,83.9013,751.0271,19.58591,2.22E-02,1.67E-02,-1
174,83.89973,751.8396,19.58622,2.22E-02,1.67E-02,-1
175,83.87473,751.4646,19.58411,2.20E-02,1.66E-02,-1
176,83.90755,751.8083,19.58434,2.22E-02,1.65E-02,-1
177,83.88099,751.6208,19.58372,2.22E-02,1.59E-02,-1
178,83.88567,751.7146,19.582,2.20E-02,1.59E-02,-1
179,83.87943,751.5271,19.5838,2.21E-02,1.56E-02,-1
180,83.88411,751.6833,19.58458,2.21E-02,1.53E-02,-1
181,83.8763,750.9646,19.58434,2.21E-02,1.50E-02,-1
182,83.87161,751.4958,19.58521,2.21E-02,1.49E-02,-1
183,83.90911,751.7146,19.5831,2.21E-02,1.45E-02,-1
184,83.9013,751.8083,19.58591,2.20E-02,1.42E-02,-1
185,83.9013,751.5271,19.58513,2.21E-02,1.37E-02,-1
186,83.89192,751.8083,19.58622,2.20E-02,1.34E-02,-1
187,83.9013,751.4958,19.58559,2.20E-02,1.30E-02,-1
188,83.89349,751.7771,19.58677,2.20E-02,1.28E-02,-1
189,83.91068,751.4646,19.58614,2.18E-02,1.24E-02,-1
190,83.90755,751.0583,19.58474,2.16E-02,1.22E-02,-1
191,83.90286,751.8396,19.587,2.15E-02,1.23E-02,-1
192,83.86536,751.1208,19.58755,2.16E-02,1.22E-02,-1
193,83.89192,751.6521,19.58669,2.17E-02,1.17E-02,-1
194,83.91068,751.6521,19.58739,2.15E-02,1.15E-02,-1
195,83.90443,751.6833,19.5888,2.14E-02,0.0112658,-1
196,83.89661,751.6521,19.58685,2.14E-02,1.12E-02,-1
197,83.90599,751.6833,19.58817,2.13E-02,1.09E-02,78
198,83.9013,750.9333,19.58747,2.11E-02,1.09E-02,-1
199,83.89661,751.7146,19.58849,2.10E-02,0.0112658,-1
200,83.89505,751.6208,19.5877,2.11E-02,1.12E-02,-1
201,83.88411,751.6208,19.58677,2.10E-02,1.17E-02,-1
202,83.88255,751.3396,19.58802,2.11E-02,1.18E-02,-1
203,83.88411,751.2771,19.58544,2.10E-02,1.21E-02,-1
204,83.89661,751.7771,19.58778,2.10E-02,1.24E-02,-1
205,83.87161,751.0583,19.58567,2.10E-02,1.24E-02,-1
206,83.90286,751.4021,19.58677,2.10E-02,1.25E-02,70
207,83.90443,751.9021,19.58622,2.10E-02,1.27E-02,-1
208,83.90286,751.0896,19.58388,2.10E-02,1.30E-02,-1
209,83.87318,750.9333,19.58591,2.10E-02,1.32E-02,-1
210,83.89192,751.6208,19.5863,2.09E-02,1.33E-02,-1
211,83.89505,751.1833,19.58622,2.10E-02,1.38E-02,-1
212,83.88411,751.5583,19.58458,2.10E-02,1.42E-02,-1
213,83.89505,751.6833,19.58325,2.10E-02,1.46E-02,-1
214,83.89818,751.7458,19.58442,2.11E-02,0.0144721,-1
215,83.90443,751.0583,19.58364,2.11E-02,0.0145096,-1
216,83.90286,751.6208,19.58294,2.11E-02,0.0147221,-1
217,83.90911,751.5896,19.58255,2.10E-02,1.49E-02,-1
218,83.86848,751.5583,19.58263,2.13E-02,1.56E-02,-1
219,83.89192,751.4333,19.58161,2.13E-02,1.57E-02,-1
220,83.90443,751.2458,19.58317,2.14E-02,1.60E-02,-1
221,83.91068,750.8708,19.58216,2.16E-02,1.63E-02,-1
222,83.90286,751.6208,19.5827,2.15E-02,1.64E-02,-1
223,83.89505,751.6521,19.58005,2.17E-02,1.66E-02,-1
224,83.89973,751.7458,19.582,2.19E-02,1.70E-02,-1
225,83.90911,751.7458,19.58075,2.19E-02,1.71E-02,-1
226,83.88411,751.1521,19.58114,2.19E-02,1.73E-02,-1
227,83.90755,751.1208,19.58083,2.20E-02,1.72E-02,-1
228,83.89037,751.4021,19.5813,2.22E-02,1.73E-02,78
229,83.90599,751.7146,19.58153,2.22E-02,1.74E-02,-1
230,83.91068,751.4333,19.58099,2.24E-02,1.74E-02,-1
231,83.89349,751.3708,19.5802,2.25E-02,1.73E-02,-1
232,83.87786,751.8083,19.58044,2.27E-02,1.72E-02,-1
233,83.8763,751.0583,19.58067,2.27E-02,1.73E-02,-1
234,83.88099,751.4021,19.57856,2.26E-02,1.69E-02,-1
235,83.9138,751.2458,19.58075,2.29E-02,1.66E-02,70
236,83.89037,751.6208,19.58013,2.28E-02,1.67E-02,-1
237,83.90443,750.9646,19.58044,2.29E-02,1.58E-02,-1
238,83.88724,751.1521,19.5788,2.28E-02,1.58E-02,-1
239,83.89661,751.7458,19.57809,2.30E-02,1.56E-02,-1
240,83.89037,751.7458,19.57903,2.29E-02,1.55E-02,-1
241,83.91068,751.4958,19.58091,2.30E-02,1.52E-02,-1
242,83.90443,751.4021,19.58036,2.29E-02,1.51E-02,-1
243,83.91849,751.2771,19.58052,2.30E-02,1.53E-02,-1
244,83.87318,751.3708,19.57911,2.29E-02,1.58E-02,-1
245,83.89973,751.5896,19.57981,2.30E-02,1.58E-02,-1
246,83.89661,751.4021,19.58052,2.29E-02,1.58E-02,-1
247,83.89192,751.5896,19.5788,2.31E-02,1.63E-02,-1
248,83.90286,751.7771,19.57927,2.31E-02,1.65E-02,-1
249,83.91068,751.8708,19.58044,2.31E-02,1.62E-02,-1
250,83.91068,751.8396,19.57911,2.30E-02,1.62E-02,-1
251,83.89661,751.1208,19.58075,2.32E-02,1.61E-02,-1
252,83.89037,751.5896,19.57973,2.32E-02,1.62E-02,-1
253,83.90443,751.4333,19.57716,2.30E-02,1.65E-02,-1
254,83.8763,751.1521,19.5788,2.30E-02,1.67E-02,-1
255,83.90443,751.1833,19.57724,2.32E-02,1.69E-02,-1
256,83.90286,751.8083,19.57786,2.35E-02,1.68E-02,-1
257,83.89192,751.2458,19.57809,2.41E-02,1.80E-02,-1
258,83.87943,751.0896,19.57606,2.47E-02,1.88E-02,-1
259,83.91068,751.0271,19.57809,2.56E-02,1.98E-02,-1
260,83.9013,751.7458,19.57716,2.61E-02,1.97E-02,-1
261,83.86692,751.3708,19.57669,2.66E-02,1.98E-02,-1
262,83.91224,751.1208,19.57411,0.0270473,1.89E-02,-1
263,83.89661,751.7146,19.57513,2.68E-02,1.70E-02,-1
264,83.90443,751.7146,19.57598,2.64E-02,1.57E-02,-1
265,83.88879,751.6833,19.57692,2.59E-02,1.45E-02,-1
266,83.90911,751.6208,19.57778,2.55E-02,1.39E-02,-1
267,83.89349,750.8708,19.57739,2.50E-02,1.38E-02,-1
268,83.8638,750.9646,19.57942,2.48E-02,1.33E-02,-1
269,83.9138,751.4333,19.57864,2.42E-02,1.37E-02,-1
270,83.88879,751.0583,19.57841,2.40E-02,1.36E-02,-1
271,83.90599,751.7458,19.57989,0.023766,1.35E-02,-1
272,83.90755,751.0583,19.58052,0.0237035,1.35E-02,-1
273,83.89818,751.6208,19.57958,0.0233285,1.35E-02,-1
274,83.89973,751.5583,19.57973,2.31E-02,1.35E-02,-1
275,83.89505,751.3083,19.58028,2.32E-02,1.39E-02,-1
276,83.89505,751.0271,19.57809,2.32E-02,1.42E-02,-1
277,83.91068,751.4333,19.58013,2.31E-02,0.0143221,-1
278,83.88567,751.3396,19.5802,2.31E-02,1.43E-02,-1
279,83.86692,751.0583,19.57802,2.29E-02,1.41E-02,-1
280,83.9138,751.4958,19.57825,2.29E-02,1.42E-02,-1
281,83.90443,751.4333,19.57731,2.30E-02,1.40E-02,-1
282,83.9138,751.3396,19.57911,2.28E-02,0.0145471,-1
283,83.9013,751.3708,19.57872,2.28E-02,1.45E-02,-1
284,83.86692,751.1208,19.57935,2.29E-02,1.47E-02,-1
285,83.88411,751.4021,19.57849,2.29E-02,1.49E-02,-1
286,83.89037,751.6833,19.57747,2.27E-02,1.48E-02,-1
287,83.86536,751.4958,19.57724,2.28E-02,1.47E-02,-1
288,83.88099,750.8708,19.57763,2.27E-02,1.49E-02,-1
289,83.89349,751.5583,19.57794,2.29E-02,1.51E-02,-1
290,83.9013,751.4958,19.57778,2.28E-02,0.0148721,-1
291,83.87786,751.5896,19.57794,2.28E-02,1.50E-02,-1
292,83.87161,751.3083,19.57591,2.29E-02,1.55E-02,-1
293,83.89349,751.1208,19.57544,2.28E-02,1.55E-02,-1
294,83.89661,751.6833,19.57442,2.27E-02,1.52E-02,-1
295,83.88411,751.3396,19.57583,2.28E-02,1.54E-02,-1
296,83.88099,751.4646,19.57724,2.27E-02,1.56E-02,-1
297,83.90443,751.7458,19.57653,2.27E-02,1.56E-02,-1
298,83.89973,751.3396,19.57372,2.27E-02,1.53E-02,-1
299,83.9013,750.9646,19.57638,2.27E-02,1.53E-02,-1
300,83.91224,751.0583,19.57536,2.28E-02,1.53E-02,-1
301,83.91224,751.8396,19.57364,2.26E-02,1.55E-02,-1
302,83.9013,750.9646,19.57474,2.27E-02,1.55E-02,-1
303,83.89037,751.5896,19.57497,2.29E-02,1.56E-02,-1
304,83.89505,751.7146,19.57567,2.28E-02,1.56E-02,-1
305,83.8763,751.3083,19.57333,2.28E-02,1.58E-02,-1
306,83.89192,751.5896,19.57489,2.27E-02,1.62E-02,-1
307,83.90286,751.1208,19.5752,2.28E-02,1.64E-02,-1
308,83.8763,751.2146,19.57356,2.27E-02,1.63E-02,-1
309,83.88411,751.4333,19.57419,2.28E-02,1.64E-02,-1
310,83.88411,751.4646,19.5745,2.29E-02,1.65E-02,-1
311,83.88879,751.6521,19.57458,2.30E-02,1.62E-02,-1
312,83.88879,751.3083,19.57325,2.30E-02,1.63E-02,-1
313,83.88567,751.2771,19.5738,2.29E-02,1.65E-02,-1
314,83.89505,751.2771,19.57388,2.30E-02,1.64E-02,-1
315,83.89192,751.5583,19.5727,2.30E-02,1.62E-02,-1
316,83.9013,751.2771,19.57349,2.29E-02,1.64E-02,-1
317,83.90599,751.6521,19.57356,2.29E-02,1.64E-02,-1
318,83.89037,751.7458,19.57278,2.29E-02,1.64E-02,-1
319,83.9013,751.6521,19.57302,2.29E-02,1.64E-02,-1
320,83.89505,751.6521,19.57114,2.30E-02,1.66E-02,-1
321,83.88099,751.3396,19.57224,2.29E-02,1.63E-02,-1
322,83.9013,751.7458,19.57184,2.29E-02,1.63E-02,-1
323,83.89661,751.3708,19.57216,2.28E-02,1.64E-02,-1
324,83.90443,750.8083,19.57013,2.30E-02,1.62E-02,-1
325,83.86536,750.8708,19.56942,2.29E-02,1.62E-02,-1
326,83.8763,751.5896,19.57075,2.28E-02,1.58E-02,-1
327,83.87473,751.3396,19.572,2.28E-02,1.57E-02,-1
328,83.88724,751.6208,19.57216,2.28E-02,1.55E-02,-1
329,83.89192,751.7146,19.572,2.28E-02,1.55E-02,-1
330,83.90599,751.8396,19.57184,2.27E-02,1.54E-02,-1
331,83.89661,751.5271,19.57067,2.27E-02,1.56E-02,-1
332,83.89037,751.6208,19.5713,2.25E-02,1.55E-02,-1
333,83.89818,750.8396,19.56895,2.26E-02,1.51E-02,-1
334,83.89192,751.4333,19.57169,2.25E-02,1.49E-02,-1
335,83.90599,750.8396,19.56997,2.25E-02,0.0147596,-1
336,83.89505,751.0583,19.57138,2.24E-02,1.47E-02,-1
337,83.90443,750.9021,19.5713,2.24E-02,1.47E-02,-1
338,83.89973,751.7771,19.57224,2.25E-02,0.0145721,-1
339,83.89192,751.6521,19.57145,2.25E-02,0.0147471,-1
340,83.9013,751.4646,19.57153,2.25E-02,1.47E-02,-1
341,83.86536,751.3708,19.56864,2.24E-02,1.43E-02,-1
342,83.89349,751.3396,19.57052,2.24E-02,0.0143971,-1
343,83.90443,751.8083,19.5695,2.23E-02,1.43E-02,-1
344,83.9013,751.7458,19.57083,2.24E-02,1.40E-02,-1
345,83.90911,750.9646,19.57067,2.23E-02,1.35E-02,-1
346,83.89349,751.6521,19.57138,2.22E-02,1.36E-02,-1
347,83.86067,751.0896,19.57059,2.24E-02,1.34E-02,-1
348,83.89505,751.6521,19.57059,2.23E-02,1.33E-02,-1
349,83.88411,751.8396,19.56841,2.21E-02,1.32E-02,-1
350,83.89661,751.1521,19.56966,2.21E-02,1.30E-02,-1
351,83.89192,751.3396,19.57161,2.21E-02,1.29E-02,-1
352,83.9013,751.2146,19.56888,2.20E-02,1.26E-02,-1
353,83.89349,751.3396,19.57075,2.21E-02,1.25E-02,-1
354,83.89973,751.8708,19.57184,2.19E-02,1.23E-02,-1
355,83.90286,751.1521,19.57138,2.19E-02,1.22E-02,-1
356,83.88255,751.7146,19.57005,2.18E-02,1.19E-02,-1
357,83.89037,751.9333,19.56856,2.18E-02,1.17E-02,-1
358,83.90286,751.2146,19.57083,2.18E-02,0.0115408,-1
359,83.90599,751.9021,19.5677,2.17E-02,0.0112908,-1
360,83.90599,751.6208,19.57067,2.16E-02,0.0111533,-1
361,83.90286,751.4333,19.57028,2.16E-02,1.09E-02,-1
362,83.89349,751.6833,19.57161,2.17E-02,1.08E-02,-1
363,83.91224,751.7146,19.5713,2.17E-02,1.08E-02,-1
364,83.89349,751.8396,19.57177,2.16E-02,1.07E-02,-1
365,83.90443,751.8708,19.5713,2.14E-02,1.06E-02,-1
366,83.88879,751.6521,19.56895,2.14E-02,1.03E-02,-1
367,83.90443,751.9333,19.57153,2.14E-02,1.01E-02,-1
368,83.91224,751.1521,19.57138,2.14E-02,1.01E-02,-1
369,83.90755,751.1521,19.56927,2.13E-02,9.88E-03,-1
370,83.89192,751.9021,19.57177,2.12E-02,9.78E-03,-1
371,83.90286,751.8083,19.57052,2.13E-02,9.65E-03,-1
372,83.91068,751.9958,19.56942,2.12E-02,9.42E-03,-1
373,83.89505,751.6521,19.56958,2.12E-02,9.22E-03,-1
374,83.90599,751.9646,19.56935,2.11E-02,9.42E-03,-1
375,83.88724,751.8708,19.57145,2.13E-02,9.13E-03,-1
376,83.88879,751.3708,19.56895,2.09E-02,9.27E-03,-1
377,83.90911,751.6521,19.57106,2.09E-02,9.03E-03,-1
378,83.87786,751.3083,19.56809,2.09E-02,9.08E-03,-1
379,83.88567,751.6208,19.56833,2.07E-02,9.08E-03,-1
380,83.90755,751.1833,19.56888,2.07E-02,8.66E-03,-1
381,83.90911,751.1208,19.57114,2.06E-02,8.68E-03,-1
382,83.90286,751.7458,19.57075,0.0204847,8.88E-03,-1
383,83.90599,751.5271,19.56856,0.0204847,8.52E-03,-1
384,83.87943,750.9958,19.56981,0.0202972,8.48E-03,-1
385,83.88099,751.7458,19.57091,2.04E-02,8.47E-03,-1
386,83.88255,751.2146,19.57091,2.04E-02,8.41E-03,-1
387,83.89973,751.3708,19.57161,0.0202972,8.13E-03,-1
388,83.89192,751.9333,19.57145,0.0202347,8.05E-03,-1
389,83.89505,751.6521,19.57052,2.03E-02,0.008022,-1
390,83.87005,751.6208,19.56786,0.0202347,0.008022,-1
391,83.90911,752.0583,19.57114,2.01E-02,8.02E-03,-1
392,83.87161,751.5896,19.56833,0.0201097,7.58E-03,-1
393,83.90599,751.9333,19.5713,0.0201097,7.80E-03,-1
394,83.85911,751.5583,19.56864,2.01E-02,7.51E-03,-1
395,83.91068,751.8708,19.56911,0.0199847,7.63E-03,-1
396,83.9013,751.6521,19.57106,0.0200472,7.65E-03,-1
397,83.89037,750.9333,19.56989,2.00E-02,7.59E-03,-1
398,83.91068,751.6521,19.57044,0.0199222,7.59E-03,78
399,83.88411,751.2146,19.56981,0.0199222,7.38E-03,-1
400,83.90599,751.1833,19.5702,2.00E-02,7.47E-03,-1
401,83.90755,751.7146,19.57091,1.97E-02,6.97E-03,-1
402,83.90286,751.8396,19.56817,1.97E-02,6.92E-03,-1
403,83.90911,751.0583,19.56849,1.96E-02,6.98E-03,-1
404,83.89037,751.9021,19.57036,1.97E-02,6.74E-03,-1
405,83.89973,751.4333,19.56825,1.96E-02,6.68E-03,-1
406,83.87943,751.1521,19.57091,1.96E-02,6.77E-03,-1
407,83.87318,751.4958,19.56903,1.96E-02,6.50E-03,-1
408,83.89037,751.8708,19.56778,1.97E-02,6.50E-03,-1
409,83.89349,751.1208,19.56966,1.97E-02,6.28E-03,-1
410,83.91068,751.8083,19.57059,1.98E-02,6.07E-03,-1
411,83.89973,751.8396,19.56935,0.0199222,5.93E-03,-1
412,83.89661,751.4333,19.57075,1.98E-02,5.80E-03,-1
413,83.87318,751.4021,19.5695,1.99E-02,5.59E-03,-1
414,83.87786,751.3083,19.5713,1.98E-02,5.26E-03,-1
415,83.89505,751.7458,19.57067,1.98E-02,4.96E-03,-1
416,83.9013,751.0271,19.57083,1.98E-02,4.78E-03,-1
417,83.87161,751.2771,19.56872,1.97E-02,4.70E-03,-1
418,83.89818,751.6833,19.57075,1.97E-02,4.46E-03,-1
419,83.9013,751.4958,19.57145,1.96E-02,4.33E-03,-1
420,83.88879,751.9958,19.56872,1.96E-02,4.05E-03,-1
421,83.89349,751.4333,19.57153,1.96E-02,3.93E-03,-1
422,83.90443,751.7771,19.57122,1.96E-02,3.93E-03,-1
423,83.87786,751.4333,19.57177,1.96E-02,3.73E-03,-1
424,83.89818,751.8708,19.572,1.96E-02,3.56E-03,-1
425,83.89973,751.5896,19.57177,1.98E-02,3.76E-03,-1
426,83.91068,751.6833,19.57231,1.97E-02,3.53E-03,-1
427,83.90443,751.2458,19.57091,1.98E-02,3.59E-03,-1
428,83.9013,751.9021,19.57106,1.97E-02,3.40E-03,-1
429,83.88411,751.4646,19.57052,1.97E-02,3.01E-03,-1
430,83.89192,751.3083,19.57145,1.97E-02,2.95E-03,-1
431,83.90755,751.7458,19.57114,1.97E-02,2.73E-03,-1
432,83.90286,751.4333,19.56981,1.94E-02,2.73E-03,-1
433,83.90911,751.9333,19.57294,1.94E-02,2.57E-03,-1
434,83.8763,751.6833,19.57138,1.96E-02,2.71E-03,-1
435,83.88255,751.7458,19.57208,1.95E-02,2.43E-03,-1
436,83.90286,751.8083,19.57169,1.95E-02,2.48E-03,-1
437,83.88255,751.0896,19.57138,1.95E-02,2.41E-03,-1
438,83.90599,751.3708,19.57184,1.95E-02,2.45E-03,-1
439,83.87473,751.5896,19.57091,1.96E-02,2.19E-03,-1
440,83.88724,751.9021,19.57099,1.95E-02,2.23E-03,-1
441,83.89349,751.6833,19.57067,1.94E-02,2.17E-03,-1
442,83.89818,751.8396,19.57075,1.93E-02,2.10E-03,-1
443,83.87943,750.7771,19.57106,1.92E-02,1.89E-03,-1
444,83.9138,751.5271,19.57263,1.91E-02,2.20E-03,-1
445,83.90443,751.7458,19.57224,1.90E-02,1.89E-03,-1
446,83.90599,751.6208,19.57177,1.91E-02,2.24E-03,-1
447,83.87473,751.0583,19.57044,1.90E-02,2.02E-03,-1
448,83.90443,751.3396,19.57231,1.90E-02,1.90E-03,-1
449,83.87473,751.7771,19.56919,1.90E-02,1.78E-03,-1
450,83.89037,751.7771,19.5713,1.88E-02,1.89E-03,-1
451,83.86224,751.3083,19.57145,1.85E-02,1.75E-03,-1
452,83.8763,751.4333,19.5695,1.87E-02,1.82E-03,-1
453,83.89505,751.2458,19.57083,1.85E-02,1.67E-03,-1
454,83.88255,751.3396,19.57138,1.86E-02,1.72E-03,-1
455,83.87161,751.2771,19.56997,1.85E-02,1.56E-03,-1
456,83.90443,751.6833,19.57044,1.86E-02,1.57E-03,-1
457,83.86692,751.7146,19.57005,1.84E-02,1.48E-03,-1
458,83.89192,751.3708,19.57067,1.82E-02,1.57E-03,-1
459,83.90286,751.4021,19.5713,1.83E-02,1.55E-03,-1
460,83.9013,751.4646,19.57083,1.83E-02,1.54E-03,-1